file_a,file_b,problem_id,is_plagiarized,jaccard,winnow,structural,embedding,label_used,composite,flagged,verdict
dataset\binarySearch\1_binarySearch.py,dataset\binarySearch\2_binarySearch.py,binarySearch,0,0.2135,0.1786,0.7388,0.9938,0,0.458,0,NOT PLAGIARIZED
dataset\binarySearch\1_binarySearch.py,dataset\binarySearch\3_binarySearch.py,binarySearch,0,0.1195,0.1061,0.5728,0.9738,0,0.2646,0,NOT PLAGIARIZED
dataset\binarySearch\1_binarySearch.py,dataset\binarySearch\4_binarySearch.py,binarySearch,1,0.5873,0.5455,0.8729,0.9969,1,0.7142,1,PLAGIARIZED
dataset\binarySearch\1_binarySearch.py,dataset\binarySearch\5_binarySearch.py,binarySearch,1,0.4812,0.4909,0.8681,0.9968,1,0.6884,1,PLAGIARIZED
dataset\binarySearch\1_binarySearch.py,dataset\binarySearch\6_binarySearch.py,binarySearch,1,0.1573,0.1528,0.8871,0.9987,1,0.5713,1,PLAGIARIZED
dataset\binarySearch\2_binarySearch.py,dataset\binarySearch\3_binarySearch.py,binarySearch,0,0.0936,0.0833,0.5234,0.984,0,0.2354,0,NOT PLAGIARIZED
dataset\binarySearch\2_binarySearch.py,dataset\binarySearch\4_binarySearch.py,binarySearch,1,0.1676,0.1538,0.6148,0.9916,0,0.348,0,NOT PLAGIARIZED
dataset\binarySearch\2_binarySearch.py,dataset\binarySearch\5_binarySearch.py,binarySearch,1,0.0957,0.0875,0.6091,0.9912,0,0.3164,0,NOT PLAGIARIZED
dataset\binarySearch\2_binarySearch.py,dataset\binarySearch\6_binarySearch.py,binarySearch,1,0.0437,0.0353,0.6328,0.9908,0,0.3131,0,NOT PLAGIARIZED
dataset\binarySearch\3_binarySearch.py,dataset\binarySearch\4_binarySearch.py,binarySearch,1,0.1407,0.1228,0.5495,0.9806,0,0.2654,0,NOT PLAGIARIZED
dataset\binarySearch\3_binarySearch.py,dataset\binarySearch\5_binarySearch.py,binarySearch,1,0.0486,0.0517,0.5414,0.9803,0,0.2301,0,NOT PLAGIARIZED
dataset\binarySearch\3_binarySearch.py,dataset\binarySearch\6_binarySearch.py,binarySearch,1,0.039,0.0508,0.5876,0.9722,0,0.2511,0,NOT PLAGIARIZED
dataset\binarySearch\4_binarySearch.py,dataset\binarySearch\5_binarySearch.py,binarySearch,1,0.5727,0.5208,0.9953,0.9998,1,0.8043,1,PLAGIARIZED
dataset\binarySearch\4_binarySearch.py,dataset\binarySearch\6_binarySearch.py,binarySearch,1,0.1818,0.1746,0.9107,0.9977,1,0.5965,1,PLAGIARIZED
dataset\binarySearch\5_binarySearch.py,dataset\binarySearch\6_binarySearch.py,binarySearch,1,0.1854,0.1833,0.9148,0.9979,1,0.6035,1,PLAGIARIZED
dataset\bubblesort\1_bubblesort.py,dataset\bubblesort\2_bubble_sort.py,bubblesort,0,0.4191,0.4783,0.9053,0.9949,0,0.7088,1,PLAGIARIZED
dataset\bubblesort\1_bubblesort.py,dataset\bubblesort\3_bubble_sort.py,bubblesort,0,0.4286,0.4,0.8675,0.9948,0,0.648,1,PLAGIARIZED
dataset\bubblesort\1_bubblesort.py,dataset\bubblesort\4_sort_selection.py,bubblesort,1,0.2517,0.1964,0.8448,0.9981,0,0.5549,1,PLAGIARIZED
dataset\bubblesort\1_bubblesort.py,dataset\bubblesort\5_bubble_sort.py,bubblesort,1,0.2961,0.3208,0.9113,0.9942,1,0.6492,1,PLAGIARIZED
dataset\bubblesort\1_bubblesort.py,dataset\bubblesort\6_bubble_sort.py,bubblesort,1,0.2208,0.2143,0.8099,0.9944,0,0.5284,1,PLAGIARIZED
dataset\bubblesort\2_bubble_sort.py,dataset\bubblesort\3_bubble_sort.py,bubblesort,0,0.2194,0.2281,0.784,0.9954,0,0.5156,1,PLAGIARIZED
dataset\bubblesort\2_bubble_sort.py,dataset\bubblesort\4_sort_selection.py,bubblesort,1,0.2368,0.1964,0.7554,0.9956,0,0.4811,0,NOT PLAGIARIZED
dataset\bubblesort\2_bubble_sort.py,dataset\bubblesort\5_bubble_sort.py,bubblesort,1,0.3154,0.25,0.8273,0.9963,0,0.5596,1,PLAGIARIZED
dataset\bubblesort\2_bubble_sort.py,dataset\bubblesort\6_bubble_sort.py,bubblesort,1,0.5081,0.4783,0.9053,0.9993,1,0.7167,1,PLAGIARIZED
dataset\bubblesort\3_bubble_sort.py,dataset\bubblesort\4_sort_selection.py,bubblesort,1,0.2013,0.15,0.795,0.9967,0,0.4952,0,NOT PLAGIARIZED
dataset\bubblesort\3_bubble_sort.py,dataset\bubblesort\5_bubble_sort.py,bubblesort,1,0.184,0.1803,0.8941,0.9986,0,0.5876,1,PLAGIARIZED
dataset\bubblesort\3_bubble_sort.py,dataset\bubblesort\6_bubble_sort.py,bubblesort,1,0.122,0.129,0.747,0.9955,0,0.4475,0,NOT PLAGIARIZED
dataset\bubblesort\4_sort_selection.py,dataset\bubblesort\5_bubble_sort.py,bubblesort,1,0.2715,0.2105,0.8487,0.9964,0,0.5605,1,PLAGIARIZED
dataset\bubblesort\4_sort_selection.py,dataset\bubblesort\6_bubble_sort.py,bubblesort,1,0.1024,0.0984,0.7155,0.9957,0,0.4112,0,NOT PLAGIARIZED
dataset\bubblesort\5_bubble_sort.py,dataset\bubblesort\6_bubble_sort.py,bubblesort,1,0.1437,0.1111,0.7984,0.9965,0,0.482,0,NOT PLAGIARIZED
dataset\factorial\1_factorial.py,dataset\factorial\2_factorial.py,factorial,0,0.0938,0.0333,0.6957,0.9972,0,0.3725,0,NOT PLAGIARIZED
dataset\factorial\1_factorial.py,dataset\factorial\3_factorial.py,factorial,0,0.2778,0.1739,0.7097,0.9968,0,0.4389,0,NOT PLAGIARIZED
dataset\factorial\1_factorial.py,dataset\factorial\4_factorial.py,factorial,1,1.0,1.0,1.0,1.0,1,1.0,1,PLAGIARIZED
dataset\factorial\1_factorial.py,dataset\factorial\5_factorial.py,factorial,1,0.5111,0.4444,0.9318,0.9991,1,0.7233,1,PLAGIARIZED
dataset\factorial\1_factorial.py,dataset\factorial\6_factorial.py,factorial,1,0.1935,0.1818,0.8125,0.9977,1,0.5233,1,PLAGIARIZED
dataset\factorial\2_factorial.py,dataset\factorial\3_factorial.py,factorial,0,0.0984,0.0345,0.6022,0.9944,0,0.2955,0,NOT PLAGIARIZED
dataset\factorial\2_factorial.py,dataset\factorial\4_factorial.py,factorial,1,0.0938,0.0333,0.6957,0.9972,0,0.3725,0,NOT PLAGIARIZED
dataset\factorial\2_factorial.py,dataset\factorial\5_factorial.py,factorial,1,0.0312,0.0,0.6364,0.9965,0,0.312,0,NOT PLAGIARIZED
dataset\factorial\2_factorial.py,dataset\factorial\6_factorial.py,factorial,1,0.0286,0.0,0.5833,0.9947,0,0.2676,0,NOT PLAGIARIZED
dataset\factorial\3_factorial.py,dataset\factorial\4_factorial.py,factorial,1,0.2778,0.1739,0.7097,0.9968,0,0.4389,0,NOT PLAGIARIZED
dataset\factorial\3_factorial.py,dataset\factorial\5_factorial.py,factorial,1,0.1607,0.087,0.8315,0.9963,0,0.4976,0,NOT PLAGIARIZED
dataset\factorial\3_factorial.py,dataset\factorial\6_factorial.py,factorial,1,0.1094,0.0417,0.8454,0.9971,0,0.4917,0,NOT PLAGIARIZED
dataset\factorial\4_factorial.py,dataset\factorial\5_factorial.py,factorial,1,0.5111,0.4444,0.9318,0.9991,1,0.7233,1,PLAGIARIZED
dataset\factorial\4_factorial.py,dataset\factorial\6_factorial.py,factorial,1,0.1935,0.1818,0.8125,0.9977,1,0.5233,1,PLAGIARIZED
dataset\factorial\5_factorial.py,dataset\factorial\6_factorial.py,factorial,1,0.2727,0.2632,0.913,0.9978,1,0.6339,1,PLAGIARIZED
dataset\fibonacci\1_fibonacci.py,dataset\fibonacci\2_fibonacci.py,fibonacci,0,0.0208,0.0,0.4426,0.9937,0,0.1568,0,NOT PLAGIARIZED
dataset\fibonacci\1_fibonacci.py,dataset\fibonacci\3_fibonacci.py,fibonacci,0,0.04,0.027,0.6029,0.9905,0,0.2861,0,NOT PLAGIARIZED
dataset\fibonacci\1_fibonacci.py,dataset\fibonacci\4_fibonacci.py,fibonacci,1,0.629,0.6087,0.9925,0.9994,1,0.8366,1,PLAGIARIZED
dataset\fibonacci\1_fibonacci.py,dataset\fibonacci\5_fibonacci.py,fibonacci,1,0.1685,0.1176,0.8392,0.9942,1,0.5121,1,PLAGIARIZED
dataset\fibonacci\1_fibonacci.py,dataset\fibonacci\6_fibonacci.py,fibonacci,1,0.4079,0.3226,0.9362,0.9988,1,0.6775,1,PLAGIARIZED
dataset\fibonacci\2_fibonacci.py,dataset\fibonacci\3_fibonacci.py,fibonacci,0,0.0208,0.0,0.3548,0.9914,0,0.0846,0,NOT PLAGIARIZED
dataset\fibonacci\2_fibonacci.py,dataset\fibonacci\4_fibonacci.py,fibonacci,1,0.0215,0.0,0.4463,0.994,0,0.1602,0,NOT PLAGIARIZED
dataset\fibonacci\2_fibonacci.py,dataset\fibonacci\5_fibonacci.py,fibonacci,1,0.0208,0.0,0.3969,0.9837,0,0.1035,0,NOT PLAGIARIZED
dataset\fibonacci\2_fibonacci.py,dataset\fibonacci\6_fibonacci.py,fibonacci,1,0.0202,0.0,0.4186,0.9912,0,0.1337,0,NOT PLAGIARIZED
dataset\fibonacci\3_fibonacci.py,dataset\fibonacci\4_fibonacci.py,fibonacci,1,0.0632,0.0571,0.5926,0.9922,0,0.2932,0,NOT PLAGIARIZED
dataset\fibonacci\3_fibonacci.py,dataset\fibonacci\5_fibonacci.py,fibonacci,1,0.0612,0.027,0.5793,0.9864,0,0.2605,0,NOT PLAGIARIZED
dataset\fibonacci\3_fibonacci.py,dataset\fibonacci\6_fibonacci.py,fibonacci,1,0.0594,0.0513,0.5594,0.987,0,0.2559,0,NOT PLAGIARIZED
dataset\fibonacci\4_fibonacci.py,dataset\fibonacci\5_fibonacci.py,fibonacci,1,0.2024,0.1212,0.8451,0.9937,1,0.5172,1,PLAGIARIZED
dataset\fibonacci\4_fibonacci.py,dataset\fibonacci\6_fibonacci.py,fibonacci,1,0.4648,0.3793,0.9429,0.9981,1,0.7041,1,PLAGIARIZED
dataset\fibonacci\5_fibonacci.py,dataset\fibonacci\6_fibonacci.py,fibonacci,1,0.2159,0.1389,0.8667,0.9955,1,0.5442,1,PLAGIARIZED
dataset\matrixMultiply\1_matrixMultiply.py,dataset\matrixMultiply\2_matrixMultiply.py,matrixMultiply,0,0.12,0.1205,0.5781,0.9717,0,0.2707,0,NOT PLAGIARIZED
dataset\matrixMultiply\1_matrixMultiply.py,dataset\matrixMultiply\3_matrixMultiply.py,matrixMultiply,0,0.1524,0.1538,0.7166,0.9863,0,0.4174,0,NOT PLAGIARIZED
dataset\matrixMultiply\1_matrixMultiply.py,dataset\matrixMultiply\4_matrixMultiply.py,matrixMultiply,1,0.5965,0.5541,0.972,0.9997,1,0.7994,1,PLAGIARIZED
dataset\matrixMultiply\1_matrixMultiply.py,dataset\matrixMultiply\5_matrixMultiply.py,matrixMultiply,1,0.3831,0.3448,0.7861,0.991,1,0.5561,1,PLAGIARIZED
dataset\matrixMultiply\1_matrixMultiply.py,dataset\matrixMultiply\6_matrixMultiply.py,matrixMultiply,1,0.2328,0.2178,0.8596,0.99,1,0.5605,1,PLAGIARIZED
dataset\matrixMultiply\2_matrixMultiply.py,dataset\matrixMultiply\3_matrixMultiply.py,matrixMultiply,0,0.097,0.1111,0.5294,0.9543,0,0.1981,0,NOT PLAGIARIZED
dataset\matrixMultiply\2_matrixMultiply.py,dataset\matrixMultiply\4_matrixMultiply.py,matrixMultiply,1,0.1206,0.125,0.585,0.973,0,0.2802,0,NOT PLAGIARIZED
dataset\matrixMultiply\2_matrixMultiply.py,dataset\matrixMultiply\5_matrixMultiply.py,matrixMultiply,1,0.1176,0.122,0.4388,0.9475,0,0.1201,0,NOT PLAGIARIZED
dataset\matrixMultiply\2_matrixMultiply.py,dataset\matrixMultiply\6_matrixMultiply.py,matrixMultiply,1,0.1132,0.1136,0.5267,0.944,0,0.1787,0,NOT PLAGIARIZED
dataset\matrixMultiply\3_matrixMultiply.py,dataset\matrixMultiply\4_matrixMultiply.py,matrixMultiply,1,0.1036,0.1092,0.69,0.9853,0,0.3772,0,NOT PLAGIARIZED
dataset\matrixMultiply\3_matrixMultiply.py,dataset\matrixMultiply\5_matrixMultiply.py,matrixMultiply,1,0.1254,0.1261,0.5859,0.98,0,0.2938,0,NOT PLAGIARIZED
dataset\matrixMultiply\3_matrixMultiply.py,dataset\matrixMultiply\6_matrixMultiply.py,matrixMultiply,1,0.099,0.1024,0.6516,0.977,0,0.3299,0,NOT PLAGIARIZED
dataset\matrixMultiply\4_matrixMultiply.py,dataset\matrixMultiply\5_matrixMultiply.py,matrixMultiply,1,0.3781,0.3902,0.8105,0.9915,1,0.594,1,PLAGIARIZED
dataset\matrixMultiply\4_matrixMultiply.py,dataset\matrixMultiply\6_matrixMultiply.py,matrixMultiply,1,0.2723,0.2903,0.8844,0.9904,1,0.6094,1,PLAGIARIZED
dataset\matrixMultiply\5_matrixMultiply.py,dataset\matrixMultiply\6_matrixMultiply.py,matrixMultiply,1,0.3242,0.3261,0.9111,0.9988,1,0.6594,1,PLAGIARIZED
dataset\palindrome\1_palindrome.py,dataset\palindrome\2_palindrome.py,palindrome,0,0.1707,0.1212,0.5983,0.9881,0,0.3159,0,NOT PLAGIARIZED
dataset\palindrome\1_palindrome.py,dataset\palindrome\3_palindrome.py,palindrome,0,0.0526,0.0278,0.5968,0.9944,0,0.2887,0,NOT PLAGIARIZED
dataset\palindrome\1_palindrome.py,dataset\palindrome\4_palindrome.py,palindrome,1,0.5972,0.5862,0.9041,0.9992,1,0.7587,1,PLAGIARIZED
dataset\palindrome\1_palindrome.py,dataset\palindrome\5_palindrome.py,palindrome,1,0.049,0.0488,0.6423,0.9938,1,0.3312,0,NOT PLAGIARIZED
dataset\palindrome\1_palindrome.py,dataset\palindrome\6_palindrome.py,palindrome,1,0.4024,0.3939,0.8158,0.9983,1,0.6118,1,PLAGIARIZED
dataset\palindrome\2_palindrome.py,dataset\palindrome\3_palindrome.py,palindrome,0,0.0556,0.037,0.5934,0.9945,0,0.2899,0,NOT PLAGIARIZED
dataset\palindrome\2_palindrome.py,dataset\palindrome\4_palindrome.py,palindrome,1,0.046,0.0278,0.4248,0.9871,0,0.1423,0,NOT PLAGIARIZED
dataset\palindrome\2_palindrome.py,dataset\palindrome\5_palindrome.py,palindrome,1,0.0506,0.0303,0.3846,0.9925,0,0.1218,0,NOT PLAGIARIZED
dataset\palindrome\2_palindrome.py,dataset\palindrome\6_palindrome.py,palindrome,1,0.046,0.0278,0.4034,0.9861,0,0.124,0,NOT PLAGIARIZED
dataset\palindrome\3_palindrome.py,dataset\palindrome\4_palindrome.py,palindrome,1,0.1585,0.1562,0.7,0.9944,0,0.42,0,NOT PLAGIARIZED
dataset\palindrome\3_palindrome.py,dataset\palindrome\5_palindrome.py,palindrome,1,0.0482,0.0303,0.6847,0.9953,0,0.3594,0,NOT PLAGIARIZED
dataset\palindrome\3_palindrome.py,dataset\palindrome\6_palindrome.py,palindrome,1,0.044,0.0278,0.6032,0.9926,0,0.2904,0,NOT PLAGIARIZED
dataset\palindrome\4_palindrome.py,dataset\palindrome\5_palindrome.py,palindrome,1,0.0515,0.0488,0.7218,0.9943,1,0.3937,0,NOT PLAGIARIZED
dataset\palindrome\4_palindrome.py,dataset\palindrome\6_palindrome.py,palindrome,1,0.4286,0.3939,0.9054,0.9987,1,0.6819,1,PLAGIARIZED
dataset\palindrome\5_palindrome.py,dataset\palindrome\6_palindrome.py,palindrome,1,0.0515,0.0488,0.705,0.9927,1,0.3779,0,NOT PLAGIARIZED
dataset\primeNumber\1_primeNumber.py,dataset\primeNumber\2_primeNumber.py,primeNumber,0,0.0874,0.0667,0.7258,0.9973,0,0.4094,0,NOT PLAGIARIZED
dataset\primeNumber\1_primeNumber.py,dataset\primeNumber\3_primeNumber.py,primeNumber,0,0.0625,0.0541,0.8276,0.9984,0,0.4852,0,NOT PLAGIARIZED
dataset\primeNumber\1_primeNumber.py,dataset\primeNumber\4_primeNumber.py,primeNumber,1,0.5424,0.5652,0.8544,0.9984,1,0.7104,1,PLAGIARIZED
dataset\primeNumber\1_primeNumber.py,dataset\primeNumber\5_primeNumber.py,primeNumber,1,0.3377,0.3667,0.8889,0.9983,1,0.6575,1,PLAGIARIZED
dataset\primeNumber\1_primeNumber.py,dataset\primeNumber\6_primeNumber.py,primeNumber,1,0.1124,0.1143,0.6949,0.9973,1,0.4045,0,NOT PLAGIARIZED
dataset\primeNumber\2_primeNumber.py,dataset\primeNumber\3_primeNumber.py,primeNumber,0,0.028,0.0217,0.6308,0.9968,0,0.3169,0,NOT PLAGIARIZED
dataset\primeNumber\2_primeNumber.py,dataset\primeNumber\4_primeNumber.py,primeNumber,1,0.1,0.0732,0.8034,0.9957,0,0.4692,0,NOT PLAGIARIZED
dataset\primeNumber\2_primeNumber.py,dataset\primeNumber\5_primeNumber.py,primeNumber,1,0.0571,0.0426,0.6565,0.9962,0,0.3441,0,NOT PLAGIARIZED
dataset\primeNumber\2_primeNumber.py,dataset\primeNumber\6_primeNumber.py,primeNumber,1,0.0918,0.0444,0.6818,0.9962,0,0.3644,0,NOT PLAGIARIZED
dataset\primeNumber\3_primeNumber.py,dataset\primeNumber\4_primeNumber.py,primeNumber,1,0.0349,0.0294,0.6789,0.9975,0,0.3585,0,NOT PLAGIARIZED
dataset\primeNumber\3_primeNumber.py,dataset\primeNumber\5_primeNumber.py,primeNumber,1,0.1348,0.0811,0.7967,0.9973,0,0.4701,0,NOT PLAGIARIZED
dataset\primeNumber\3_primeNumber.py,dataset\primeNumber\6_primeNumber.py,primeNumber,1,0.0659,0.027,0.6452,0.9966,0,0.3298,0,NOT PLAGIARIZED
dataset\primeNumber\4_primeNumber.py,dataset\primeNumber\5_primeNumber.py,primeNumber,1,0.2162,0.2333,0.7455,0.9962,1,0.4893,0,NOT PLAGIARIZED
dataset\primeNumber\4_primeNumber.py,dataset\primeNumber\6_primeNumber.py,primeNumber,1,0.1622,0.1667,0.8108,0.996,1,0.5129,1,PLAGIARIZED
dataset\primeNumber\5_primeNumber.py,dataset\primeNumber\6_primeNumber.py,primeNumber,1,0.1667,0.2121,0.816,0.9987,1,0.5399,1,PLAGIARIZED
dataset\reverseLL\1_reverseLL.py,dataset\reverseLL\2_reverseLL.py,reverseLL,0,0.4072,0.3768,0.8763,0.9985,0,0.6522,1,PLAGIARIZED
dataset\reverseLL\1_reverseLL.py,dataset\reverseLL\3_reverseLL.py,reverseLL,0,0.2727,0.2317,0.6234,0.9947,0,0.3914,0,NOT PLAGIARIZED
dataset\reverseLL\1_reverseLL.py,dataset\reverseLL\4_reverseLL.py,reverseLL,1,0.7652,0.7736,0.9892,0.9999,1,0.9009,1,PLAGIARIZED
dataset\reverseLL\1_reverseLL.py,dataset\reverseLL\5_reverseLL.py,reverseLL,1,0.5101,0.4355,0.8364,0.9992,1,0.646,1,PLAGIARIZED
dataset\reverseLL\1_reverseLL.py,dataset\reverseLL\6_reverseLL.py,reverseLL,1,0.6483,0.6102,0.955,0.9983,1,0.8062,1,PLAGIARIZED
dataset\reverseLL\2_reverseLL.py,dataset\reverseLL\3_reverseLL.py,reverseLL,0,0.2066,0.1724,0.6286,0.9905,0,0.3642,0,NOT PLAGIARIZED
dataset\reverseLL\2_reverseLL.py,dataset\reverseLL\4_reverseLL.py,reverseLL,1,0.4,0.3768,0.8671,0.9985,0,0.6451,1,PLAGIARIZED
dataset\reverseLL\2_reverseLL.py,dataset\reverseLL\5_reverseLL.py,reverseLL,1,0.2921,0.2329,0.617,0.9979,0,0.3926,0,NOT PLAGIARIZED
dataset\reverseLL\2_reverseLL.py,dataset\reverseLL\6_reverseLL.py,reverseLL,1,0.3864,0.3714,0.8649,0.996,0,0.6367,1,PLAGIARIZED
dataset\reverseLL\3_reverseLL.py,dataset\reverseLL\4_reverseLL.py,reverseLL,1,0.2201,0.1744,0.6174,0.9948,0,0.364,0,NOT PLAGIARIZED
dataset\reverseLL\3_reverseLL.py,dataset\reverseLL\5_reverseLL.py,reverseLL,1,0.2289,0.1852,0.7752,0.9932,0,0.4877,0,NOT PLAGIARIZED
dataset\reverseLL\3_reverseLL.py,dataset\reverseLL\6_reverseLL.py,reverseLL,1,0.2488,0.2143,0.5732,0.9968,0,0.3493,0,NOT PLAGIARIZED
dataset\reverseLL\4_reverseLL.py,dataset\reverseLL\5_reverseLL.py,reverseLL,1,0.5099,0.459,0.8417,0.999,1,0.6591,1,PLAGIARIZED
dataset\reverseLL\4_reverseLL.py,dataset\reverseLL\6_reverseLL.py,reverseLL,1,0.5316,0.4844,0.9452,0.9982,1,0.7481,1,PLAGIARIZED
dataset\reverseLL\5_reverseLL.py,dataset\reverseLL\6_reverseLL.py,reverseLL,1,0.4096,0.3235,0.7986,0.9974,1,0.5687,1,PLAGIARIZED
